{
    "loss": 1.2791900634765625,
    "accuracy": 0.7194244861602783
}