{
    "loss": 16.070146560668945,
    "accuracy": 0.5467625856399536
}