{
    "loss": 2.647372007369995,
    "accuracy": 0.5179855823516846
}